{"cameraMode":{"drawMode":0,"name":"Shaded","section":"Shading Mode"},"sceneLighting":false,"audioPlay":false,"sceneViewState":{"showFog":true,"showMaterialUpdate":false,"showSkybox":true,"showFlares":true,"showImageEffects":true,"showParticleSystems":true},"in2DMode":false,"pivot":{"x":1326.9000244140625,"y":441.3999938964844,"z":0.0},"rotation":{"x":0.039298735558986667,"y":0.0074894060380756859,"z":-0.0002946506720036268,"w":0.999199390411377},"size":645.764892578125,"orthographic":false}