{"cameraMode":{"drawMode":0,"name":"Shaded","section":"Shading Mode"},"sceneLighting":true,"audioPlay":false,"sceneViewState":{"showFog":false,"showMaterialUpdate":false,"showSkybox":false,"showFlares":false,"showImageEffects":false,"showParticleSystems":true},"in2DMode":false,"pivot":{"x":-2.0266571044921877,"y":281.3999938964844,"z":-0.17987060546875},"rotation":{"x":-0.010809910483658314,"y":0.003909261431545019,"z":-0.0000423015262640547,"w":-0.9999339580535889},"size":605.1932373046875,"orthographic":false}